,drift,noise,bound,IC,overlay
drift,2.666962489547873,,,,
noise,,2.500109787776214,,,
B,,,1.0,,
x0,,,,-0.07855835402232732,
nondectime,,,,,0.3306343424193405
